{
    "success":true,
    "terms":"https:\/\/currencylayer.com\/terms",
    "privacy":"https:\/\/currencylayer.com\/privacy",
    "timestamp":1601224746,
    "source":"USD",
    "quotes":{
      "USDAED":3.673042,
      "USDAFN":76.903991,
      "USDALL":106.403989,
      "USDAMD":485.270403,
      "USDANG":1.795302,
      "USDAOA":626.803041,
      "USDARS":75.78678,
      "USDAUD":1.42288,
      "USDAWG":1.8,
      "USDAZN":1.70397,
      "USDBAM":1.679978,
      "USDBBD":2.019386,
      "USDBDT":84.77567,
      "USDBGN":1.683504,
      "USDBHD":0.377165,
      "USDBIF":1931,
      "USDBMD":1,
      "USDBND":1.377978,
      "USDBOB":6.906234,
      "USDBRL":5.56135,
      "USDBSD":1.000159,
      "USDBTC":9.3076191e-5,
      "USDBTN":73.73846,
      "USDBWP":11.684196,
      "USDBYN":2.613297,
      "USDBYR":19600,
      "USDBZD":2.016054,
      "USDCAD":1.338765,
      "USDCDF":1970.000362,
      "USDCHF":0.928992,
      "USDCLF":0.028562,
      "USDCLP":788.103912,
      "USDCNY":6.823804,
      "USDCOP":3887,
      "USDCRC":602.63441,
      "USDCUC":1,
      "USDCUP":26.5,
      "USDCVE":95.250394,
      "USDCZK":23.312104,
      "USDDJF":177.720394,
      "USDDKK":6.40054,
      "USDDOP":58.450393,
      "USDDZD":129.52499,
      "USDEGP":15.775265,
      "USDERN":15.000358,
      "USDETB":36.703876,
      "USDEUR":0.859734,
      "USDFJD":2.15504,
      "USDFKP":0.784824,
      "USDGBP":0.784622,
      "USDGEL":3.330391,
      "USDGGP":0.784824,
      "USDGHS":5.79504,
      "USDGIP":0.784824,
      "USDGMD":51.803853,
      "USDGNF":9735.000355,
      "USDGTQ":7.776375,
      "USDGYD":209.24829,
      "USDHKD":7.74994,
      "USDHNL":24.670389,
      "USDHRK":6.491104,
      "USDHTG":105.60683,
      "USDHUF":312.390388,
      "USDIDR":14938.2,
      "USDILS":3.48061,
      "USDIMP":0.784824,
      "USDINR":73.699504,
      "USDIQD":1190,
      "USDIRR":42105.000352,
      "USDISK":139.120386,
      "USDJEP":0.784824,
      "USDJMD":141.56699,
      "USDJOD":0.70904,
      "USDJPY":105.59104,
      "USDKES":108.50707,
      "USDKGS":79.499804,
      "USDKHR":4091.000351,
      "USDKMF":423.850384,
      "USDKPW":900,
      "USDKRW":1174.445039,
      "USDKWD":0.30645,
      "USDKYD":0.833444,
      "USDKZT":427.35431,
      "USDLAK":9230.000349,
      "USDLBP":1513.783104,
      "USDLKR":185.30919,
      "USDLRD":199.000348,
      "USDLSL":17.130382,
      "USDLTL":2.95274,
      "USDLVL":0.60489,
      "USDLYD":1.375039,
      "USDMAD":9.292039,
      "USDMDL":16.667668,
      "USDMGA":3887.098904,
      "USDMKD":52.952504,
      "USDMMK":1307.741604,
      "USDMNT":2857.141426,
      "USDMOP":7.984143,
      "USDMRO":357.000346,
      "USDMUR":39.90027,
      "USDMVR":15.410378,
      "USDMWK":751.000345,
      "USDMXN":22.341904,
      "USDMYR":4.171504,
      "USDMZN":72.085039,
      "USDNAD":17.130377,
      "USDNGN":380.503727,
      "USDNIO":34.680377,
      "USDNOK":9.56725,
      "USDNPR":117.98191,
      "USDNZD":1.530031,
      "USDOMR":0.384998,
      "USDPAB":1.000168,
      "USDPEN":3.587504,
      "USDPGK":3.506804,
      "USDPHP":48.482139,
      "USDPKR":165.703704,
      "USDPLN":3.912304,
      "USDPYG":6995.074038,
      "USDQAR":3.641038,
      "USDRON":4.185804,
      "USDRSD":101.135038,
      "USDRUB":78.147038,
      "USDRWF":956,
      "USDSAR":3.751048,
      "USDSBD":8.139804,
      "USDSCR":17.971027,
      "USDSDG":55.303678,
      "USDSEK":9.13462,
      "USDSGD":1.378215,
      "USDSHP":0.784824,
      "USDSLL":9785.000339,
      "USDSOS":583.000338,
      "USDSRD":14.154038,
      "USDSTD":21033.812032,
      "USDSVC":8.751895,
      "USDSYP":512.21824,
      "USDSZL":17.13037,
      "USDTHB":31.625038,
      "USDTJS":10.325332,
      "USDTMT":3.5,
      "USDTND":2.781038,
      "USDTOP":2.31325,
      "USDTRY":7.664704,
      "USDTTD":6.797026,
      "USDTWD":29.267604,
      "USDTZS":2320.000336,
      "USDUAH":28.280965,
      "USDUGX":3703.557304,
      "USDUSD":1,
      "USDUYU":42.396313,
      "USDUZS":10300.000335,
      "USDVEF":9.987504,
      "USDVND":23193,
      "USDVUV":113.858158,
      "USDWST":2.671677,
      "USDXAF":563.45465,
      "USDXAG":0.043669,
      "USDXAU":0.000537,
      "USDXCD":2.70255,
      "USDXDR":0.71246,
      "USDXOF":562.000332,
      "USDXPF":103.000332,
      "USDYER":250.350364,
      "USDZAR":17.101204,
      "USDZMK":9001.203593,
      "USDZMW":19.967102,
      "USDZWL":322.000331
    }
  }